RockOpera,Opera
PostHardcore,PunkRock
Rockabilly,RockAndRoll
SwingMusic,Jazz
FreeJazz,Jazz
AcidJazz,Jazz
CoolJazz,Jazz
Dub,ElectronicMusic
Electro,ElectronicMusic
TripRock,ElectronicMusic
Downtempo,ElectronicMusic
ElectronicRock,ElectronicMusic
ElectronicBodyMusic,ElectronicMusic
Dub,Reggae
Shoegazing,AlternativeRock
PostGrunge,AlternativeRock
PsychedelicRock,RockMusic
PostRock,RockMusic
GarageRock,RockMusic
SoftRock,RockMusic
ArtRock,RockMusic
SurfMusic,RockMusic
WhitePowerMusic,RockMusic
SpaceRock,RockMusic
RockOpera,RockMusic
Krautrock,RockMusic
ElectronicRock,RockMusic
JazzRap,HipHopMusic
TribalHouse,HouseMusic
AcidHouse,HouseMusic
DancePop,PopMusic
KPop,PopMusic
SurfMusic,PopMusic
SophistiPop,PopMusic
TweePop,PopMusic
IndustrialMetal,HeavyMetal
SpeedMetal,HeavyMetal
NeueDeutscheHärte,HeavyMetal
NuMetal,HeavyMetal
NewWaveOfBritishHeavyMetal,HeavyMetal
NeueDeutscheHärte,HardRock
BluegrassMusic,CountryMusic
OshareKei,VisualKei
VikingMetal,BlackMetal
Electro,Funk
Schranz,Techno
Klezmer,WorldMusic
FolkMusic,WorldMusic
AcidRock,PsychedelicRock
Jota,FolkMusic
FolkloreOfArgentina,FolkMusic
Salsa,DanceMusic
DancePop,DanceMusic
Zouk,DanceMusic
Jota,DanceMusic
ElectronicBodyMusic,DanceMusic
AcidTechno,AcidHouse
Acidcore,AcidTechno
Spiritual,AfricanAmericanMusic
Hardstyle,Hardcore
HappyHardcore,Hardcore
MelodicDeathMetal,DeathMetal
VikingMetal,FolkMetal
ElectronicBodyMusic,IndustrialMusic
Lowercase,MinimalMusic
Ultra,PostPunk
Acidcore,MainstreamHardcore
PsychedelicRock,PsychedelicMusic
TripHop,ElectronicDanceMusic
AcidHouse,RaveMusic
IndustrialMetal,IndustrialRock
Mass,ReligiousMusic
Spiritual,AmericanFolkMusic
RomanticMusic,ArtMusic
PostRock,ExperimentalRock
Klezmer,JewishMusic
EtherealWave,DarkWave
SonMontuno,SonCubano
Acidcore,Darkcore
Electrotango,Tango
RevolutionarySong,PoliticalSong
Queercore,PunkRock
RevivalPunk,PunkRock
Dixieland,Jazz
Fusion,Jazz
ChicagoBlues,Blues
Sevillanas,Flamenco
Eurobeat,ElectronicMusic
ElectronicDanceMusic,ElectronicMusic
PunkMetal,HardcorePunk
SouthernRock,RockMusic
RapRock,RockMusic
IndustrialRock,RockMusic
JRock,RockMusic
EastCoastHipHop,HipHopMusic
Crunk,HipHopMusic
UndergroundHipHop,HipHopMusic
HardcoreHipHop,HipHopMusic
PoliticalHipHop,HipHopMusic
GFunk,HipHopMusic
Turntablism,HipHopMusic
DeepHouse,HouseMusic
ProgressiveHouse,HouseMusic
GarageHouse,HouseMusic
FunkyHouse,HouseMusic
ChicagoHouse,HouseMusic
Schlager,PopMusic
BubblegumPop,PopMusic
RapMetal,HeavyMetal
UnblackMetal,HeavyMetal
BlueYodeling,Yodeling
NeoProgressiveRock,ProgressiveRock
BlueEyedSoul,SoulMusic
Skweee,Chiptune
Skweee,Funk
VocalTrance,Trance
Deathgrind,Grindcore
Neurofunk,DrumAndBass
Saeta,FolkMusic
OldTimeMusic,FolkMusic
ElectronicDanceMusic,DanceMusic
Breakcore,Hardcore
Trancecore,Hardcore
Deathgrind,DeathMetal
TechnicalDeathMetal,DeathMetal
PunkMetal,ThrashMetal
CrossoverThrash,ThrashMetal
PostIndustrialMusic,IndustrialMusic
IndustrialRock,IndustrialMusic
ChoralMusic,VocalMusic
Electroclash,ElectronicDanceMusic
RaveMusic,ElectronicDanceMusic
LiturgicalMusic,ReligiousMusic
Saeta,ReligiousMusic
Cantopop,CPop
Mandopop,CPop
BubblegumPop,SynthPop
CarnaticMusic,IndianClassicalMusic
NeoclassicalDarkWave,DarkWave
UnblackMetal,ChristianMusic
CampaignSong,PoliticalPartySong
RapMetal,RapMusic
RapRock,RapMusic
UndergroundHipHop,RapMusic
Zarzuela,Opera
HardcorePunk,PunkRock
ChristianPunk,PunkRock
JazzFunk,Jazz
Bebop,Jazz
JazzFusion,Jazz
HardBop,Jazz
BaroquePop,BaroqueMusic
WestCoastBlues,Blues
HouseMusic,ElectronicMusic
Chiptune,ElectronicMusic
DrumAndBass,ElectronicMusic
AmbientMusic,ElectronicMusic
Screamo,HardcorePunk
Metalcore,HardcorePunk
Grindcore,HardcorePunk
Grunge,AlternativeRock
AlternativeMetal,AlternativeRock
PunkRock,RockMusic
AlternativeRock,RockMusic
HeavyMetal,RockMusic
ProgressiveRock,RockMusic
GlamRock,RockMusic
HardRock,RockMusic
Zamrock,RockMusic
NoiseRock,RockMusic
IndieRock,RockMusic
LatinRock,RockMusic
FolkRock,RockMusic
NewWave,RockMusic
FrenchHipHop,HipHopMusic
Mashup,PopMusic
CountryMusic,PopMusic
JPop,PopMusic
Electropop,PopMusic
Britpop,PopMusic
AlternativeMetal,HeavyMetal
PostMetal,HeavyMetal
PowerMetal,HeavyMetal
BlackMetal,HeavyMetal
GothicMetal,HeavyMetal
Metalcore,HeavyMetal
DoomMetal,HeavyMetal
GlamMetal,HeavyMetal
FolkRock,ContemporaryFolkMusic
DoomMetal,BluesRock
PostMetal,PostRock
PowerMetal,SpeedMetal
DoomMetal,AcidRock
PostMetal,Shoegazing
Flamenco,DanceMusic
HouseMusic,DanceMusic
Bachata,DanceMusic
Polka,DanceMusic
RockAndRoll,PopularMusic
Jazz,PopularMusic
RockMusic,PopularMusic
HipHopMusic,PopularMusic
PopMusic,PopularMusic
ContemporaryFolkMusic,PopularMusic
RhythmAndBlues,PopularMusic
SoulMusic,PopularMusic
Emo,PostHardcore
HipHopMusic,AfricanAmericanMusic
Grindcore,ExtremeMetal
Britpop,BeatMusic
Sonata,InstrumentalMusic
ACappella,VocalMusic
Grindcore,CrustPunk
Britpop,PowerPop
Trance,ElectronicDanceMusic
Techno,ElectronicDanceMusic
DrumAndBass,ElectronicDanceMusic
Dubstep,UkGarage
Ragtime,AmericanFolkMusic
BaroqueMusic,ArtMusic
ClassicalMusic,ArtMusic
Tappa,HindustaniClassicalMusic
Britpop,ModRevival
GospelMusic,ChristianMusic
ArgentineTango,Tango
Chiptune,NerdMusic
BaroquePop,OrchestralPop
ConsciousHipHop,RapMusic
NeueDeutscheWelle,PunkRock
ArtPunk,PunkRock
SkatePunk,PunkRock
Yass,Jazz
AvantGardeJazz,Jazz
SmoothJazz,Jazz
LatinJazz,Jazz
GypsyJazz,Jazz
CountryBlues,Blues
DroneMusic,ElectronicMusic
FreestyleMusic,ElectronicMusic
Breakbeat,ElectronicMusic
ChillOutMusic,ElectronicMusic
Electronica,ElectronicMusic
Ragga,Reggae
SludgeMetal,HardcorePunk
CollegeRock,AlternativeRock
IndiePop,AlternativeRock
HeartlandRock,RockMusic
ChristianRock,RockMusic
FunkRock,RockMusic
PowerPop,RockMusic
GangstaRap,HipHopMusic
ElectroHop,HipHopMusic
SambaRock,Samba
FunkMetal,AlternativeMetal
ElectroHouse,HouseMusic
ArabicPopMusic,PopMusic
Austropop,PopMusic
TeenPop,PopMusic
PowerPop,PopMusic
EasyListening,PopMusic
AvantGardeMetal,HeavyMetal
NeoClassicalMetal,HeavyMetal
ProgressiveFolkMusic,ContemporaryFolkMusic
CountryBlues,ContemporaryFolkMusic
SymphonicRock,ProgressiveRock
ItaloDisco,Disco
CountryBlues,CountryMusic
BakersfieldSound,CountryMusic
Bitpop,Chiptune
FunkRock,Funk
PsychedelicTrance,Trance
HardTrance,Trance
GoaTrance,Trance
SludgeMetal,DoomMetal
NeueDeutscheWelle,NewWave
ElectroHop,Electropop
Psybient,AmbientMusic
DarkAmbient,AmbientMusic
AndeanNewAgeMusic,NewAgeMusic
Sevdalinka,FolkMusic
Futurepop,ElectronicBodyMusic
EarlyHardcore,Hardcore
MainstreamHardcore,Hardcore
Ranchera,Mariachi
Ragga,Dancehall
CrustPunk,AnarchoPunk
ArabicPopMusic,ArabicMusic
FunkMetal,FunkRock
Futurepop,ElectronicDanceMusic
SludgeMetal,SouthernRock
DarkAmbient,PostIndustrialMusic
SpeedGarage,UkGarage
MusiqueConcrète,ElectroacousticMusic
ElectricBlues,JumpBlues
DroneMusic,ExperimentalMusic
ChristianRock,ChristianMusic
LatinJazz,LatinMusic
StreetPunk,PunkRock
SkaPunk,PunkRock
AnarchoPunk,PunkRock
PopPunk,PunkRock
PostPunk,PunkRock
TradJazz,Jazz
LouisianaBlues,Blues
SwampBlues,Blues
IndustrialMusic,ElectronicMusic
Madchester,ElectronicMusic
Dancehall,Reggae
ReggaeEnEspañol,Reggae
MelodicHardcore,HardcorePunk
GothicRock,AlternativeRock
DreamPop,AlternativeRock
AnatolianRock,RockMusic
PopRock,RockMusic
PopPunk,RockMusic
BeatMusic,RockMusic
CountryRock,RockMusic
StonerRock,RockMusic
HomoHop,HipHopMusic
AlternativeHipHop,HipHopMusic
GermanHipHop,HipHopMusic
BritishHipHop,HipHopMusic
ItalianHipHop,HipHopMusic
MiamiBass,HipHopMusic
ComedyHipHop,HipHopMusic
TechHouse,HouseMusic
HipHouse,HouseMusic
PsychedelicPop,PopMusic
PopRock,PopMusic
PopPunk,PopMusic
BeatMusic,PopMusic
LatinPop,PopMusic
ExtremeMetal,HeavyMetal
DeathMetal,HeavyMetal
ThrashMetal,HeavyMetal
FolkMetal,HeavyMetal
ProgressiveMetal,HeavyMetal
SymphonicMetal,HeavyMetal
Skiffle,ContemporaryFolkMusic
DooWop,RhythmAndBlues
ProgressiveMetal,ProgressiveRock
SkaPunk,Ska
AlternativeCountry,CountryMusic
CountryRock,CountryMusic
NationalSocialistBlackMetal,BlackMetal
Hardcore,Techno
TechHouse,Techno
AfricanGospel,GospelMusic
Deathcore,Metalcore
Mathcore,Metalcore
NeoclassicalNewAgeMusic,NewAgeMusic
AndeanMusic,FolkMusic
Khaliji,FolkMusic
Forró,DanceMusic
Europop,PopularMusic
Deathcore,DeathMetal
ProgressiveDeathMetal,DeathMetal
ProgressiveDeathMetal,ProgressiveMetal
GothicRock,PostPunk
Khaliji,ArabicMusic
SymphonicMetal,SymphonicRock
LatinPop,LatinAmericanMusic
Jumpstyle,ElectronicDanceMusic
Malagueñas,Fandango
FilmScore,IncidentalMusic
EarlyMusic,ArtMusic
IndustrialMusic,ExperimentalMusic
AnatolianRock,TurkishFolkMusic
HipHouse,RapMusic
FavolaInMusica,Opera
Deathrock,PunkRock
PunkPathetique,PunkRock
Punk'N'Roll,PunkRock
FolkPunk,PunkRock
Death'N'Roll,RockAndRoll
Punk'N'Roll,RockAndRoll
PostBop,Jazz
ModalJazz,Jazz
NuJazz,Jazz
EthnoJazz,Jazz
DeltaBlues,Blues
Glitch,ElectronicMusic
Jungle,ElectronicMusic
UkGarage,ElectronicMusic
Grime,ElectronicMusic
SynthPop,ElectronicMusic
ElectroacousticMusic,ElectronicMusic
RootsReggae,Reggae
MathRock,AlternativeRock
ComedyRock,RockMusic
RaggaHipHop,HipHopMusic
Horrorcore,HipHopMusic
SouthernHipHop,HipHopMusic
DirtyHouse,HouseMusic
FrenchHouse,HouseMusic
FrenchPopMusic,PopMusic
CPop,PopMusic
TraditionalPopMusic,PopMusic
SynthPop,PopMusic
TraditionalHeavyMetal,HeavyMetal
DarkMetal,HeavyMetal
PaganMetal,HeavyMetal
IndieFolk,IndependentMusic
IndieFolk,ContemporaryFolkMusic
Folktronica,ContemporaryFolkMusic
EuroDisco,Disco
PostBop,Bebop
FastPolka,Polka
UpliftingTrance,Trance
DreamTrance,Trance
DubTechno,Techno
MinimalTechno,Techno
DroneMetal,DoomMetal
SynthPop,NewWave
Goregrind,Grindcore
Drill'N'Bass,DrumAndBass
DubTechno,Dub
FolkPunk,FolkMusic
NuevaCanción,RevolutionarySong
Semba,DanceMusic
Aggrotech,ElectronicBodyMusic
ElectroIndustrial,ElectronicBodyMusic
LoungeMusic,PopularMusic
Frenchcore,Hardcore
Death'N'Roll,DeathMetal
NewYorkDeathMetal,DeathMetal
JanglePop,PopRock
MartialIndustrial,IndustrialMusic
ElectroIndustrial,IndustrialMusic
ElectroacousticMusic,ContemporaryClassicalMusic
Pastorale,InstrumentalMusic
DroneMetal,DroneMusic
Folktronica,Electronica
DiscoPolo,EuroDisco
Aggrotech,ElectroIndustrial
WesternMusic,AmericanFolkMusic
IndianClassicalMusic,ArtMusic
Jazzcore,PunkJazz
NoveltySong,ComedyMusic
ContemporaryWorshipMusic,ChristianMusic
ContemporaryChristianMusic,ChristianMusic
SeaShanty,SailorSong
ShibuyaKei,JapaneseJazz
ShibuyaKei,OrchestralPop
NeoAcoustic,PunkRock
NerdPunk,PunkRock
PubRock,RockAndRoll
Synthwave,ElectronicMusic
EarlyDancehall,Reggae
Grungecore,Grunge
Trock,RockMusic
SufiRock,RockMusic
ChicanoRock,RockMusic
BattleRap,HipHopMusic
IsraeliHipHop,HipHopMusic
DrillMusic,HipHopMusic
AlbanianHipHop,HipHopMusic
JazzSamba,Samba
TropicalHouse,HouseMusic
Technopop,PopMusic
PopFolk,PopMusic
PopSoul,PopMusic
NeuesGeistlichesLied,PopMusic
PopMusicInUkraine,PopMusic
WarMetal,HeavyMetal
KawaiiMetal,HeavyMetal
PopFolk,ContemporaryFolkMusic
NerdFolk,ContemporaryFolkMusic
ProtoMetal,HardRock
JazzSamba,Bebop
PopSoul,SoulMusic
AfroSoul,SoulMusic
DenpaSong,JPop
PaganBlackMetal,BlackMetal
RedAndAnarchistBlackMetal,BlackMetal
WarMetal,BlackMetal
Blackgaze,BlackMetal
Technobanda,Techno
Technopop,Techno
DenpaSong,Techno
LoveMetal,GothicMetal
JazzSamba,HardBop
TrønderRock,FolkRock
Darkcore,DrumAndBass
SpaceAmbient,AmbientMusic
ProtoMetal,BluesRock
Psychobilly,Rockabilly
AmericanMarchMusic,March
PopFolk,FolkMusic
GothenburgMetal,MelodicDeathMetal
Blackgaze,Shoegazing
PopFolk,AcousticMusic
ChaChaChá,DanceMusic
WarMetal,ExtremeMetal
WarMetal,DeathMetal
MedievalMetal,FolkMetal
BigRoomHouse,ElectroHouse
HarshNoise,Noise
RitualAmbient,DarkAmbient
Isolationism,DarkAmbient
SongsOfBrittany,MusicOfBrittany
MinimalGlitch,Glitch
PaganBlackMetal,PaganMetal
ContemporaryJewishReligiousMusic,JewishMusic
SufiRock,SufiMusic
FunkOstentação,FunkCarioca
TimeLordRock,GeekRock
NerdPunk,GeekRock
SpaceAmbient,SpaceMusic
DenpaSong,AkibaPop
NerdFolk,NerdMusic
ProtoMetal,JazzRock
GothicPunk,PunkRock
GermanPunk,PunkRock
VocalJazz,Jazz
SoulJazz,Jazz
MainstreamJazz,Jazz
OttomanClassicalMusic,ClassicalMusic
NewYorkBlues,Blues
8BitMusic,ElectronicMusic
ReggaeFusion,Reggae
H8000,HardcorePunk
NewYorkHardcore,HardcorePunk
Thrashcore,HardcorePunk
ChristianHardcore,HardcorePunk
Nintendocore,AlternativeRock
ExperimentalRock,RockMusic
InstrumentalRock,RockMusic
Kölschrock,RockMusic
ShockRock,RockMusic
PianoRock,RockMusic
Nerdcore,HipHopMusic
IndustrialHipHop,HipHopMusic
ChristianHipHop,HipHopMusic
UkHardHouse,HouseMusic
WitchHouse,HouseMusic
Microhouse,HouseMusic
Politrock,GermanRock
YéYé,PopMusic
Nederpop,PopMusic
Palingsound,PopMusic
StonerMetal,HeavyMetal
EpicHeavyMetal,HeavyMetal
MathMetal,HeavyMetal
DeathDoom,HeavyMetal
PostBlackMetal,PostMetal
Vallenato,ContemporaryFolkMusic
CountryFolk,ContemporaryFolkMusic
Norteño,ContemporaryFolkMusic
Laïko,ContemporaryFolkMusic
HipHopSoul,RhythmAndBlues
NewProg,ProgressiveRock
WesternSwing,CountryMusic
CountryFolk,CountryMusic
PianoSonata,Sonata
PhiladelphiaSoul,SoulMusic
SouthernSoul,SoulMusic
SoulJazz,SoulMusic
SymphonicBlackMetal,BlackMetal
PostBlackMetal,BlackMetal
Nintendocore,Chiptune
ProgressiveTrance,Trance
SouthernGospel,GospelMusic
LiquidFunk,DrumAndBass
PostBlackMetal,PostRock
FolkMusicOfEngland,FolkMusic
PaganFolkMusic,FolkMusic
AlternativeDance,DanceMusic
AmericanFolkMusic,PopularMusic
Electronicore,PostHardcore
Thrashcore,ThrashMetal
GothicPunk,GothicRock
SymphonicBlackMetal,SymphonicMetal
PowerNoise,IndustrialMusic
IndustrialHipHop,IndustrialMusic
StonerMetal,StonerRock
NuSkoolBreaks,Breakbeat
PowerNoise,Noise
Microhouse,MinimalHouse
BreakbeatHardcore,ElectronicDanceMusic
JewishMusic,ReligiousMusic
HindustaniClassicalMusic,IndianClassicalMusic
ExperimentalRock,ExperimentalMusic
Palingsound,DutchLanguageMusic
Levenslied,DutchLanguageMusic
CoonSong,ComedyMusic
NuevoTango,Tango
Nerdcore,NerdMusic
Nintendocore,NerdMusic
NuPunk,PunkRock
SemiClassical,ClassicalMusic
Hardbass,ElectronicMusic
TrapMetal,HardcorePunk
EmoRap,Emo
NuPunk,AlternativeRock
GaúchoRock,RockMusic
RockMusicInCuba,RockMusic
RockDeFusión,RockMusic
BigBeat,RockMusic
JazzRock,RockMusic
MumbleRap,HipHopMusic
EmoRap,HipHopMusic
SoundcloudRap,HipHopMusic
TrapMetal,HipHopMusic
RapMusic,HipHopMusic
EmoRap,AlternativeMetal
SoulfulHouse,HouseMusic
ExperimentalPop,PopMusic
ArtPop,PopMusic
BigBeat,PopMusic
NuPunk,PopMusic
NkPop,PopMusic
StepMetal,HeavyMetal
TraditionalMetal,HeavyMetal
RawBlackMetal,HeavyMetal
DownerMetal,HeavyMetal
SleazeMetal,HeavyMetal
UltraMetal,HeavyMetal
TrapMetal,HeavyMetal
SouthernMetal,HeavyMetal
MeloblackMetal,HeavyMetal
MeloblackMetal,PostMetal
SymphonicPowerMetal,PowerMetal
JazzRock,JazzFusion
TrollMetal,BlackMetal
MeloblackMetal,BlackMetal
FrenchPolka,Polka
IndustrialTechno,Techno
TecnoRumba,Techno
TrapMetal,Metalcore
CowboyPop,SoftRock
Archontorebetiko,Rebetiko
MeloblackMetal,MelodicDeathMetal
NuMetalcore,NuMetal
TrapMetal,Shoegazing
TraditionalMetal,PopularMusic
OrchestralPop,PopularMusic
TrollMetal,FolkMetal
SecularHymn,Hymn
SymphonicPowerMetal,SymphonicMetal
NuPunk,PopPunk
IndustrialTechno,IndustrialMusic
AmbientPop,DreamPop
LatinTrap,LatinAmericanMusic
BassHouse,ElectronicDanceMusic
TrapMusic,ElectronicDanceMusic
SouthernMetal,SouthernRock
TaiwaneseMandopop,Mandopop
NuPunk,NuJazz
FinnishGrime,Grime
CowboyPop,WesternMusic
TrapMetal,DroneMetal
TrapMetal,Djent
BretonRock,CelticRock
SecularHymn,SecularMusic
TecnoRumba,CatalanRumba
AfroTrap,TrapMusic
LatinTrap,TrapMusic
TrapMetal,TrapMusic
Sailor'SSong,SwedishBalladTradition
EmoRap,Rapcore
TrapMetal,Rapcore
TrapMetal,ExperimentalHipHop
TrapMetal,ProtoMetal
HarshNoiseWall,HarshNoise
PropagandaSong,PropagandaMusic
PoliticalSong,PropagandaSong
PoliticalPartySong,PoliticalSong
Cowpunk,PunkRock
GaragePunk,PunkRock
GospelBlues,Blues
PowerElectronics,ElectronicMusic
Mákina,ElectronicMusic
TrapMusic,Reggae
Taqwacore,HardcorePunk
YouthCrew,HardcorePunk
NoisePop,AlternativeRock
BoogieRock,RockMusic
DanceRock,RockMusic
GeekRock,RockMusic
FreeRock,RockMusic
RussianRock,RockMusic
CelticRock,RockMusic
FinnishRock,RockMusic
RockEnEspañol,RockMusic
MidwestHipHop,HipHopMusic
GlitchHop,HipHopMusic
FidgetHouse,HouseMusic
AmbientHouse,HouseMusic
ItaloHouse,HouseMusic
LatinHouse,HouseMusic
CountryPop,PopMusic
OperaticPop,PopMusic
SunshinePop,PopMusic
TrueMetal,HeavyMetal
OrientalMetal,HeavyMetal
CyberMetal,HeavyMetal
FreakFolk,ContemporaryFolkMusic
SpaceDisco,Disco
CountryPop,CountryMusic
PsychedelicSoul,SoulMusic
BlackenedDeathMetal,BlackMetal
MelodicBlackMetal,BlackMetal
Hardtechno,Techno
GospelBlues,GospelMusic
Grindie,IndieRock
ClassicRag,Ragtime
FuneralDoomMetal,DoomMetal
AmbientHouse,AmbientMusic
AmbientJungle,AmbientMusic
EthnicElectronica,WorldMusic
GaragePunk,GarageRock
CyberMetal,SpeedMetal
FreeRock,FreeJazz
EarlyHardstyle,Hardstyle
DanceRock,DanceMusic
Funaná,DanceMusic
TechnoBodyMusic,ElectronicBodyMusic
Brega,PopularMusic
Estrada,PopularMusic
DutchLanguageMusic,PopularMusic
BrutalDeathMetal,DeathMetal
BlackenedDeathMetal,DeathMetal
BayAreaThrashMetal,ThrashMetal
OrientalMetal,FolkMetal
PowerElectronics,IndustrialMusic
ImageSong,Anison
ProgressivePsytrance,PsychedelicTrance
LyricalArt,VocalMusic
Porro,Cumbia
PowerElectronics,Noise
RaggaJungle,Ragga
EthnicElectronica,Electronica
QuietStorm,ContemporaryR&B
GlitchHop,Glitch
RaggaJungle,Jungle
MizrahiMusic,JewishMusic
Siguiriyas,CanteJondo
MoroccanChaabi,Chaabi
AlgerianChaabi,Chaabi
CatalanRumba,FlamencoRumba
Compas,Méringue
ParodyMusic,ComedyMusic
Marabi,TownshipMusic
GeekRock,NerdMusic
TrapMusic,RapMusic
Wabap,Jazz
EthioJazz,Jazz
BalkanJazz,Jazz
FrenchBaroqueMusic,BaroqueMusic
Tientos,Flamenco
GospelReggae,Reggae
SmoothReggae,Reggae
AfricanReggae,Reggae
EmoPop,Emo
PostBritpop,AlternativeRock
BasqueRadicalRock,RockMusic
PinoyRock,RockMusic
HungarianRock,RockMusic
RockMusicInIreland,RockMusic
CelloRock,RockMusic
BardRock,RockMusic
AboriginalRock,RockMusic
AlgerianHipHop,HipHopMusic
QuebecHipHop,HipHopMusic
NoiseHop,HipHopMusic
LatinHipHop,HipHopMusic
NewSchoolHipHop,HipHopMusic
SambaCanção,Samba
DutchHouse,HouseMusic
NuDisco,HouseMusic
BrickCityClub,HouseMusic
ThaiPopMusic,PopMusic
ProgressivePop,PopMusic
SmoothReggae,PopMusic
SmoothSoul,PopMusic
EpicMetal,HeavyMetal
PopMetal,HeavyMetal
BrownEyedSoul,RhythmAndBlues
AvantProg,ProgressiveRock
NuDisco,Disco
BluesMetal,HardRock
ProgressiveCountry,CountryMusic
MemphisSoul,SoulMusic
SmoothSoul,SoulMusic
BrownEyedSoul,SoulMusic
SmoothSoul,Funk
AmbientTrance,Trance
Tribe,Techno
GospelReggae,GospelMusic
MelodicMetalcore,Metalcore
DarkWave,NewWave
Grindie,Grindcore
AmbientDub,AmbientMusic
BluesMetal,BluesRock
AlternativeReggaeton,Reggaeton
FratRock,GarageRock
AmbientDub,Dub
ExperimentalDub,Dub
ProgressiveBluegrass,BluegrassMusic
Rara,FolkMusic
Guaguancó,CubanRumba
RubADub,Dancehall
HardcoreRagga,Dancehall
AbecedarianHymn,Hymn
EmoPop,PopPunk
DeathIndustrial,IndustrialMusic
ElectroacousticImprovisation,FreeImprovisation
Tab',AndalusianClassicalMusic
ArgentineCumbia,Cumbia
AfroCubanJazz,LatinJazz
Rapcore,RapRock
Ajisari,ReligiousMusic
NuevaCanciónChilena,NuevaCanción
BounceMusic,SouthernHipHop
ElectroacousticImprovisation,ElectroacousticMusic
RockMusicInIreland,MusicOfIreland
DarkElectro,ElectroIndustrial
BlatnayaPesnya,RussianChanson
WizardRock,GeekRock
AvantProg,AvantGardeMusic
BasqueRadicalRock,BasqueMusic
Kadans,Méringue
BardRock,Bard
CruelRomance,RussianRomance
Beste,Fasıl
Filin,Jazz
FolkJazz,Jazz
JazzWaltz,Jazz
OrchestralJazz,Jazz
Fasıl,ClassicalMusic
HollerBlues,Blues
Caña,Flamenco
RockAndaluz,Flamenco
MinimalWave,ElectronicMusic
RaggaPop,Reggae
ReggaeRock,Reggae
Sadcore,AlternativeRock
RockNoir,RockMusic
LoungeRock,RockMusic
PolishRock,RockMusic
ReggaeRock,RockMusic
RomanianRock,RockMusic
TaiwaneseRock,RockMusic
ChapHop,HipHopMusic
ExperimentalHipHop,HipHopMusic
KoreanHipHop,HipHopMusic
Motswako,HipHopMusic
NativeAmericanHipHop,HipHopMusic
StrondaMusic,HipHopMusic
FutureGarage,Dubstep
NorwegianPopMusic,PopMusic
FreakMetal,HeavyMetal
DreamMetal,HeavyMetal
FolkBaroque,ContemporaryFolkMusic
FolkJazz,ContemporaryFolkMusic
IrishTraditionalMusic,ContemporaryFolkMusic
RockAndaluz,ProgressiveRock
ChristianCountryMusic,CountryMusic
Blackcore,BlackMetal
Blackcore,Metalcore
CoimbraFado,Fado
StonerDoom,DoomMetal
EpicDoomMetal,DoomMetal
MinneapolisSound,NewWave
AmbientTrance,AmbientMusic
SalsaDura,Salsa
Gumbe,Zouk
IndigenousMusic,FolkMusic
NordicFolkMusic,FolkMusic
ParlourMusic,PopularMusic
RomanticFlow,ReggaeEnEspañol
SacredHarp,VocalMusic
MinneapolisSound,FunkRock
AlternativeR&B,ContemporaryR&B
ChristianMusic,ReligiousMusic
FutureGarage,UkGarage
MinneapolisSound,SynthPop
OdissiMusic,IndianClassicalMusic
Pocky,UkHardHouse
ExperimentalHipHop,ExperimentalMusic
PhaseMusic,ExperimentalMusic
StonerDoom,StonerMetal
EpicDoomMetal,EpicHeavyMetal
SlamDeathMetal,BrutalDeathMetal
KindieRock,Children'SMusic
MiniJazz,Compas
BoleroSon,SonCubano
ComicSong,ComedyMusic
ChristianCountryMusic,ChristianMusic
JesusMusic,ChristianMusic
SacredHarp,ChristianMusic
PatrioticSong,PatrioticMusic
BoleroSon,Bolero
ChapHop,NerdMusic
PakistaniSemiClassicalMusic,SemiClassical
ChapHop,RapMusic
BluesRock,Blues
BluesRock,RockMusic
RenaissanceMusic,ArtMusic
Drumstep,ElectronicMusic
ArabicRock,RockMusic
JewishRock,RockMusic
Reggada,ContemporaryFolkMusic
FrenchProgressiveRock,ProgressiveRock
BluegrassGospel,GospelMusic
BluegrassGospel,BluegrassMusic
ArmenianFolkMusic,FolkMusic
ArabicRock,ArabicMusic
ChamberPop,IndiePop
Drumstep,ElectronicDanceMusic
HasidicMusic,JewishMusic
JewishRock,JewishMusic
MelbourneBounce,BounceMusic
VaudevilleOpérette,ComédieEnVaudevilles
AlternativePunk,PunkRock
Electropunk,PunkRock
ModernClassical,ClassicalMusic
PostClassical,ClassicalMusic
AcousticBlues,Blues
ModernBlues,Blues
Newsierock,RockMusic
AcousticRock,RockMusic
ArenaRock,RockMusic
Newsierock,JazzFunk
ModernCountry,CountryMusic
TraditionalCountry,CountryMusic
FunkSoul,SoulMusic
AtmosphericBlackMetal,BlackMetal
FunkSoul,Funk
PFunk,Funk
Newsierock,FolkRock
Electropunk,Electro
BavarianPolka,DanceMusic
DeathrashMetal,ExtremeMetal
DeathrashMetal,DeathMetal
OldSchoolDeathMetal,DeathMetal
DeathrashMetal,ThrashMetal
TsyganskiyRomance,RussianRomance
CowboyPop,ExperimentalPop
ScreamoRap,Screamo
Sambalanço,Samba
TurkishPopMusic,PopMusic
RhythmAndGrime,RhythmAndBlues
TruckDrivingCountry,CountryMusic
AkibaPop,JPop
AmbientBlackMetal,BlackMetal
MinimalistTrance,Trance
AmbientTechno,Techno
Noisegrind,NoiseRock
Noisegrind,Grindcore
Jazzstep,DrumAndBass
AmbientBlackMetal,AmbientMusic
AmbientTechno,AmbientMusic
TraditionalBluegrass,BluegrassMusic
TaiwaneseFolkMusic,FolkMusic
JotaAragonese,Jota
ElectronicForró,Forró
MafiosoRap,GangstaRap
AmbientBlackMetal,DarkAmbient
UkFunky,FunkyHouse
RhythmAndGrime,Grime
